filename,a,thetacam,Ne_unit,Te_unit,disk_h,MBH,pow_nth,pow_T,keplerian_factor,fluid_dirction,Rin,Rout,Xcam,Dsource_cm,Dsource_kpc,FOVx_GM/c^2,FOVy_GM/c^2,FOVx_rad,FOVy_rad,FOVx_muas,FOVy_muas,Resolution,scale,imax,jmax,Imax,Iavg,freq,Ftot,unpol_xfer,nuLnu,I,Q,U,V,LP,CP
kupd2a78p6.h5,0.6203153905601699,166.28412062821928,99845.58573808437,988240186641.6398,0.18391583273769121,7336614941.129457,-1.0439435771743368,-0.7079546722749535,0.057169136684099064,-1.0,1.78435,300.0,"0.000000e+00,6.907755e+00,9.238007e-01,0.000000e+00",5.18394e+25,16800.0,37.1079,37.1079,7.75701e-10,7.75701e-10,160.0,160.0,"320,320",0.5876097,119,167,0.000484512,1.0006e-05,230000000000.0,0.602075,0.602047,4.67636e+40,0.602075,0.00666215,0.00104947,-0.000233148,1.12018,-0.0387241
mmwu65ag5p.h5,0.6408406072344679,68.75454603245511,264098.9790174425,770454815193.2505,0.14242069109775393,6463253743.253466,-1.1575205990883235,-0.9247887310979823,0.968414444976346,-1.0,1.76767,300.0,"0.000000e+00,6.907755e+00,3.819697e-01,0.000000e+00",5.18394e+25,16800.0,42.1221,42.1221,7.75701e-10,7.75701e-10,160.0,160.0,"320,320",0.5876097,207,164,0.00244108,9.71827e-06,230000000000.0,0.58476,0.612283,4.54188e+40,0.58476,-0.00336039,0.0784133,0.0090666,13.4218,1.55048
cloblzbnh7.h5,0.8741761520482176,44.29353011015999,5638976.98273354,180459777458.67862,0.15434446735573124,5388661189.937702,-1.0603165054089216,-0.9702997171916354,0.18363053727920686,-1.0,1.48561,300.0,"0.000000e+00,6.907755e+00,2.460752e-01,0.000000e+00",5.18394e+25,16800.0,50.522,50.522,7.75701e-10,7.75701e-10,160.0,160.0,"320,320",0.5876097,145,132,0.000565033,9.86189e-06,230000000000.0,0.593402,0.625642,4.609e+40,0.593402,0.00487904,-0.00690646,-0.0100376,1.42501,-1.69153
q1hpepev1z.h5,0.15319653552778445,25.377162171101673,169718.76952979565,787547620522.6276,0.2574146985168366,6226639327.189149,-1.128021191889901,-0.8171067753596379,0.3678711740787066,-1.0,1.9882,300.0,"0.000000e+00,6.907755e+00,1.409842e-01,0.000000e+00",5.18394e+25,16800.0,43.7228,43.7228,7.75701e-10,7.75701e-10,160.0,160.0,"320,320",0.5876097,198,165,0.000600383,6.62011e-06,230000000000.0,0.39834,0.40287,3.09394e+40,0.39834,0.00805625,0.00350695,-0.000134074,2.20577,-0.033658
